{"cameraMode":{"drawMode":0,"name":"Shaded","section":"Shading Mode"},"sceneLighting":true,"audioPlay":false,"sceneViewState":{"showFog":true,"showMaterialUpdate":true,"showSkybox":true,"showFlares":true,"showImageEffects":true,"showParticleSystems":true},"in2DMode":false,"pivot":{"x":0.10344408452510834,"y":5.440133094787598,"z":-4.505746364593506},"rotation":{"x":0.004497961141169071,"y":0.029993489384651185,"z":-0.000156750698806718,"w":0.9995697736740112},"size":4.254884719848633,"orthographic":false}