{"cameraMode":{"drawMode":0,"name":"Shaded","section":"Shading Mode"},"sceneLighting":false,"audioPlay":false,"sceneViewState":{"showFog":true,"showMaterialUpdate":true,"showSkybox":false,"showFlares":true,"showImageEffects":true,"showParticleSystems":true},"in2DMode":false,"pivot":{"x":1.2065234184265137,"y":2.0598349571228029,"z":-1.2882804870605469},"rotation":{"x":-0.028446616604924203,"y":0.060255300253629687,"z":0.001702918321825564,"w":0.997809112071991},"size":1.8832132816314698,"orthographic":false}