{"cameraMode":{"drawMode":0,"name":"Shaded","section":"Shading Mode"},"sceneLighting":true,"audioPlay":false,"sceneViewState":{"showFog":true,"showMaterialUpdate":true,"showSkybox":true,"showFlares":true,"showImageEffects":true,"showParticleSystems":true},"in2DMode":false,"pivot":{"x":0.06384536623954773,"y":4.055565357208252,"z":-0.08707594871520996},"rotation":{"x":0.050299160182476047,"y":0.9356228113174439,"z":-0.31610041856765749,"w":0.14887985587120057},"size":0.9930102229118347,"orthographic":false}